display_name,stub,dropdown_parent
Home,/,
Browse,/browse.html,
Subjects,/subjects.html,
Timeline,/timeline.html,
Data,/data.html,
About,,
About the Collection,/about.html,About
Contact Us,/contact-us.html,About
Usage & Access,/usage.html,About
Oral History,,
About,/oral-history/about.html,Oral History
Inta Carpenter,/oral-history/inta-carpenter.html,Oral History
Richard Vidutis,/oral-history/richard-vidutis.html,Oral History
Richard Marsh,/oral-history/richard-marsh.html,Oral History
Thomas Adler,/oral-history/thomas-adler.html,Oral History
John Hasse,/oral-history/john-hasse.html,Oral History
